,score,abun_abs_mean,abun_abs_CV,abun_rel_mean,abun_rel_CV,r_spearman,p_spearman
Otu000173,0.6,3780.7114261160978,2.664013726251148,0.0005559463957857708,2.005073000988489,0.6081573954276919,7.729615478481074e-08
Otu000242,0.59,2556.749002432779,2.297671568919484,0.00040838037715127236,1.843662456673915,0.6102862534096684,6.765870168134633e-08
Otu001408,0.51,44.10987923608846,8.062257748298551,6.863535750441539e-06,8.06225774829855,0.1998756715833848,0.11041378411444419
Otu000216,0.45666666666666667,2382.760517664682,1.8115440779124712,0.0007206712537963678,1.213388148664637,0.3685017029759928,0.0025246395565033408
Otu000026,0.44,20917.807660491766,1.2524391954249776,0.0071655313234612475,0.6368048975323306,-0.12221251714864889,0.33213008153580337
Otu000192,0.43333333333333335,3389.5769261136957,3.677215199430736,0.003332246606839497,4.386520984457171,-0.19982797187246706,0.11050057874672876
Otu001552,0.43,4.1754093755898305,8.062257748298535,3.43176787522e-06,8.062257748298553,-0.07328774624724109,0.5617925034742166
Otu000539,0.42,585.3117607309663,1.2116597752075995,0.0002779731978928616,1.1871286791407654,-0.34554222688797537,0.0048143904028934105
Otu000041,0.41333333333333333,27295.96357057533,2.6267944447168423,0.005779097101872,1.7937533063992754,0.5835806492885479,3.3590690107942763e-07
Otu000406,0.38666666666666666,314.7202234801559,3.9036974216356124,7.893066113007693e-05,3.2923749766343087,0.2171090901809209,0.0823495109616955
Otu000596,0.38333333333333336,68.71221346625707,4.08381033819512,1.7158839376101537e-05,4.179563374325291,0.22585433211871814,0.0704482842826839
Otu000434,0.37333333333333335,332.0133842790715,2.5693952821577364,6.17718217539677e-05,2.6710395280666535,0.46684437408932594,8.850730792590954e-05
Otu000676,0.37333333333333335,652.104943926629,2.0940197957857545,0.000281404965768103,2.0891600058496804,0.0531936466204547,0.6738735503099356
Otu000296,0.37,2110.445620099864,3.0391349708237225,0.00027797319789288,2.549619044138465,0.51680631908727,1.0461158779846432e-05
Otu000422,0.36666666666666664,594.3025032310098,3.526215850261009,6.863535750441078e-05,2.868198476396081,0.5836142492781401,3.3526042785012696e-07
Otu001485,0.36666666666666664,165.22177122119453,2.3578090143282924,0.0001509977865097092,2.3663425559167495,-0.4625157753805604,0.00010489432843455127
Otu000142,0.36333333333333334,542.0170294960448,2.389062230038801,0.00037063093052384607,2.6646751219724227,-0.2751035499621633,0.026561237953331172
Otu000160,0.3566666666666667,3115.617482753649,4.903725700942412,0.00036719916264863227,4.25563123358477,0.5191878184858724,9.36797616164686e-06
Otu000025,0.35333333333333333,48875.93455647316,1.2733543806154102,0.014811510149453469,0.6710727446490669,0.48816317795033265,3.705532531051675e-05
Otu001476,0.3466666666666667,183.48028667616109,4.233906606924767,7.206712537963538e-05,4.206695478409829,0.0873963060596476,0.48877020769938806
Otu000009,0.3466666666666667,113253.08065464851,1.2451628100337062,0.036925822337377096,0.5292400760122308,0.35348888513844856,0.003870773921235835
Otu000060,0.3433333333333333,11973.292064263296,2.70985410778292,0.0020178795106298784,1.4849629936064153,0.7873234627763539,7.378220611861492e-15
Otu000385,0.33,1842.2722207381742,2.063216377098255,0.00039122153777516926,2.0877463648179706,0.5161291743122896,1.0793030902598637e-05
Otu000787,0.31,530.2677142504156,4.631309600168182,9.95212683814e-05,3.923029508324855,0.27819928761087936,0.024839350772233943
Otu000246,0.30666666666666664,786.2407624393002,5.287986451913559,7.206712537963693e-05,4.958051069539692,0.32946622736446934,0.0073627918607024325
Otu000087,0.30666666666666664,2147.425018618714,1.2709822658640102,0.0015065460972219593,1.522168128887093,-0.5076684259883385,1.5856207319506914e-05
Otu000275,0.2966666666666667,877.9008323179883,2.31277973729374,0.00036719916264861215,1.626598698260133,-0.1414374742964726,0.26108071172533914
Otu001225,0.29333333333333333,622.9255100482163,1.9795023299946393,0.00019561076888757083,1.5153651584876457,0.1137152726852315,0.36708697991594985
Otu000104,0.29333333333333333,13959.94688035931,1.6821597869516596,0.0039499648243792465,1.2951331840519036,0.5206264508361474,8.760201691789225e-06
Otu000075,0.29333333333333333,17972.76518591087,1.0066105676904826,0.010926748914703384,1.2514726997036734,-0.4915563901851918,3.208643964862356e-05
Otu000541,0.29,70.28911784347717,4.03906890741195,2.0590607251323076e-05,4.161976526977565,0.2876866378336094,0.020138350429702908
Otu000229,0.29,86.9794269119237,5.414395405208425,2.4022375126543074e-05,4.3810089929055405,0.0656343820693553,0.6034438075846722
Otu000335,0.28,3808.528787075963,2.520139893471343,0.0006039911460388555,1.7792589482043228,0.6982467163092708,1.008864561876965e-10
Otu000147,0.27666666666666667,1784.2770700561107,2.3041865089175544,0.0003912215377751601,1.3857974790604455,0.3614607302255747,0.003092684615647338
Otu000559,0.27666666666666667,337.364147071501,1.7885395764546632,0.0001784519295114647,1.4856080405006717,-0.3143425252731492,0.01076810208596514
Otu000107,0.2733333333333333,4918.075155309804,1.322451353421906,0.0036136515726075988,2.1149352141896838,-0.4300144288159594,0.00035018003256261494
Otu000853,0.26666666666666666,45.971180882307536,5.341637930862632,2.0590607251321538e-05,4.581439002468003,-0.1183846127462426,0.3476094361850124
Otu000570,0.2633333333333333,825.8457417913826,1.8705853050920556,0.0006486041284167338,1.9949341918126964,-0.40000604375490073,0.0009621301230915054
Otu000469,0.26,833.3385740043584,2.439923138886389,0.0001887472331371431,2.3841439893562657,0.5704007055817703,7.035238936677955e-07
Otu001327,0.26,186.56282193551718,4.547479431525792,3.088591087698461e-05,4.210647511860384,0.18525579783124985,0.13956266037042736
Otu001140,0.26,136.87398038092635,2.7795573868613612,5.8340053878744606e-05,2.4628511552973125,-0.06907980375918896,0.5845253246321356
Otu000384,0.25333333333333335,534.8637685238249,3.833269499295271,8.579419688051692e-05,3.6681057781913435,0.4289060202330165,0.00036411405450459904
Otu000611,0.25333333333333335,103.98086072170081,4.863950852114896,2.0590607251323076e-05,4.161976526977562,0.28013112518578165,0.023813396502859567
Otu000999,0.24666666666666667,221.74682482952687,2.5289173991718923,7.893066113006925e-05,2.2021937635914477,0.13571825324525105,0.2810508883911584
Otu000209,0.24333333333333335,1802.515533976561,1.970889868378255,0.0015031143293467474,2.3448658104756293,-0.3152980727448738,0.010518293403738065
Otu000230,0.24,277.9051146148697,4.769123012820991,0.00012011187563272922,4.230824086272031,0.05445579396147904,0.6665862783569029
Otu000905,0.23333333333333334,411.9450076459791,2.3894366501788653,6.17718217539677e-05,2.3461536028988905,0.5964798674155776,1.5775342429486336e-07
Otu000638,0.23333333333333334,129.68664628425344,3.631600897790187,4.804475025308923e-05,3.715401618085775,0.16376683020968097,0.19239308715107928
Otu000115,0.23,10345.724893473462,4.326574882777596,0.002975342747816529,4.1452782891449855,0.5883342464690781,2.552194706729364e-07
Otu000423,0.22666666666666666,782.1062319875082,4.34759525691719,0.00013040717925838155,2.527955710881421,0.42146549872934164,0.0004715267681146492
Otu000935,0.22666666666666666,215.73322470186517,3.867349229834053,0.00015099778650971387,4.370671929425809,0.05751974076444591,0.6490243053258604
Otu000494,0.22666666666666666,229.641792679696,3.3212364310753126,7.206712537963079e-05,2.8488222095912623,0.12376050153349263,0.3259957373893
Otu000437,0.22666666666666666,273.6424671346456,2.8222687022227646,0.0001407024828840477,2.8105225548871573,-0.19682917032212568,0.11606352842603496
Otu000368,0.22333333333333333,1096.200691088729,2.381746695235575,0.0011187563273219998,3.05297710070435,-0.4056095967545998,0.0008022823451870032
Otu000278,0.22,1783.162842715559,2.7804384890262184,0.001019235058940603,2.8133669280137212,-0.23366979565616217,0.06101620416411159
Otu000330,0.22,1710.2730966011754,2.5122574107880715,0.0003363132517716292,1.8055071086564003,0.43963678445328197,0.0002481535725372169
Otu000012,0.22,49144.73388487105,1.4361078414520494,0.01888158684946548,0.9600223237196753,-0.2430958589761308,0.05102706207097799
Otu000394,0.21666666666666667,8.844571900684631,8.06225774829855,3.43176787522e-06,8.062257748298551,0.07995026863335392,0.5266765654676482
Otu000126,0.21666666666666667,4032.9721906964764,3.1524449735519835,0.0008236242900530106,2.2699581407897367,0.48233757980211345,4.727971750477071e-05
Otu000094,0.21666666666666667,1077.4925779961902,2.9670108358104317,0.0005147651812831202,3.1897894827786213,-0.07217745784448502,0.5677500058820276
Otu000893,0.21666666666666667,374.1431111937406,2.7850808719806412,8.236242900529079e-05,2.373137518987933,0.217916260120007,0.08118845559012029
Otu000156,0.21666666666666667,662.5495316391836,2.1435781606925657,0.0003088591087698677,2.318196603790865,-0.0070061583615225655,0.9558276733082494
Otu000017,0.21666666666666667,41034.14652295063,0.8161923346808233,0.024725887540966704,0.8655588441936973,-0.5675226785060408,8.232697463105956e-07
Otu000597,0.21333333333333335,189.7017267444536,4.227585416778346,3.431767875220462e-05,3.4910600109423218,0.290579197939257,0.018865317351114772
Otu000154,0.21333333333333335,5594.732717432004,1.444733407444232,0.0029856380514421753,1.902180290693728,-0.041032676487418276,0.7455339127523596
Otu000226,0.21333333333333335,4571.192736292663,2.1773708489616186,0.002137991386262603,2.783540566838232,0.24908829077548686,0.04540240719260851
Otu000338,0.20666666666666667,66.67803214399696,3.4042064019810163,5.490828600353077e-05,3.592985652411936,-0.17957061453048592,0.1523392597868849
Otu000005,0.20666666666666667,45504.79971635375,2.5657051082958833,0.010158032910653893,1.529319474866355,0.13079788979008403,0.2990211390981423
Otu000151,0.20666666666666667,157.53031165599953,3.0869872295816623,4.804475025308769e-05,4.303441758568435,0.32740108546227153,0.007763610089963171
Otu000171,0.20333333333333334,822.1648085656926,3.0069206642443076,0.0001269754113831646,2.3847857871406695,0.4468243766222296,0.00019057500000375154
Otu000701,0.20333333333333334,216.6166176049694,3.775426286451701,2.7454143001763075e-05,3.9355153728579078,0.4231823305387198,0.00044445665879149453
Otu000745,0.20333333333333334,243.1033709981297,3.886397359984204,4.461298237786769e-05,3.7707757822497308,0.3779357662831888,0.0019099436204579419
Otu000264,0.2,2244.386658378833,1.8705506263212497,0.0009231455584343874,1.1913559312077362,-0.15183775360312599,0.22727123662170925
Otu000865,0.19666666666666666,68.027143418384,3.058482853371039,3.7749446627423075e-05,2.6773363937484356,-0.09449339676638949,0.4540224929528147
Otu000038,0.19666666666666666,19050.739364710455,2.2706070208263776,0.003970555431630575,1.2997151854104427,0.6014415725360254,1.1690956103779437e-07
Otu000120,0.19333333333333333,619.5467616451898,1.9216748670887158,0.0006726265035432817,2.5300525400420115,-0.4807959184135505,5.0391882386145954e-05
Otu000490,0.19333333333333333,1993.9204012110702,1.8876837600747083,0.000995212683814043,1.6580322814630235,-0.21720537919078264,0.0822103199507027
Otu000568,0.19333333333333333,49.267645131179265,4.303723284300297,2.0590607251323076e-05,4.161976526977565,0.013589428998523589,0.9144394822688772
Otu001319,0.19,158.44636632406176,3.189057150312909,4.1181214502643076e-05,3.1602182150395053,0.3048263243766278,0.01355022049249065
Otu000287,0.19,41.22740395682834,4.748477597359558,2.7454143001766155e-05,4.8723951374041885,-0.08367396250526206,0.5075386174746501
Otu000829,0.19,47.60396882856598,4.1477871268614495,5.834005387875385e-05,5.1598580356535155,-0.17574846798743238,0.16140467731532734
Otu000088,0.19,6987.6950555665,1.1593441837779084,0.003726899912489886,1.129085918292737,-0.36423535130598766,0.00285651316742492
Otu000149,0.19,4025.099978428252,1.3106435820651976,0.002172309065014815,1.2275760516651988,-0.4120138261357183,0.0006493161546978567
Otu000034,0.18666666666666668,27050.356221338032,1.4522010778402907,0.011770963812007736,0.9624274028024987,-0.24659128200712255,0.04768085053407169
Otu000644,0.18666666666666668,480.2721036874344,3.086808068325474,7.893066113007539e-05,3.0153984146782795,0.44756109610317457,0.00018542564335689567
Otu000127,0.18666666666666668,453.93111603150396,3.072690674564982,8.23624290052923e-05,2.5138505214998204,0.39274343448104126,0.0012119553359988939
Otu001067,0.18333333333333332,91.1175787367663,4.859975762833667,2.4022375126544612e-05,4.678435112517909,0.23755711194022677,0.05672036320227918
Otu000346,0.18,901.2066477949172,1.5602122046001092,0.00034317678752207386,1.5160340942736612,0.23919550392388333,0.054984954393289966
Otu000496,0.18,196.80857273563367,3.066005393542528,0.00014413425075926922,3.4326844748800434,-0.15119771871220616,0.2292593884555253
Otu000402,0.17666666666666667,1187.478103831569,1.487678269149058,0.00043583452015303226,1.3644551242073566,0.17599517944620813,0.16080778475200258
Otu000193,0.17333333333333334,2809.180427062577,2.0503696339750626,0.0009711903086874833,1.102586216999836,-0.022452467591493684,0.8590939973410728
Otu000778,0.17333333333333334,926.882601376139,4.502600274108154,0.00010638480413184153,3.2548091369865078,0.5142523816704325,1.176482814578722e-05
Otu000633,0.17333333333333334,157.00569992312836,2.4692007290017055,0.0001269754113831677,2.4643411976326433,-0.30919319413461926,0.01220479970708986
Otu000615,0.17333333333333334,22.19581252938446,8.062257748298551,3.43176787522e-06,8.062257748298551,0.19321314919727198,0.12305421443392942
Otu000137,0.17,3498.646624422863,2.0740353754920164,0.002978774515691728,1.9930573300064134,-0.6497668921951131,4.732953939894106e-09
Otu000937,0.17,490.1738364131164,2.9246935114306805,0.00014413425075926467,2.4989191257527894,0.12019031919902876,0.34025251568902637
Otu000420,0.17,13.472240971533491,4.8112812931005795,1.029530362566e-05,4.581439002467818,-0.14851003237667157,0.23773993019948975
Otu000044,0.17,825.876158318777,1.8786699346979168,0.00037406269839905835,2.0416902493160993,-0.08374814312795102,0.5071610200845236
Otu000271,0.17,3073.094847567734,3.5021940954856765,0.0004255392165273769,2.2862649874855725,0.7121474484123306,2.8980581472389877e-11
Otu000655,0.17,726.7866019272807,1.6008245100766578,0.0003466085553972908,1.6250428873862917,-0.11819319752401303,0.348395057575547
Otu000046,0.16666666666666666,21613.40039419756,1.5259693206286615,0.007724909487122262,0.8932573406645757,-0.1209510941651721,0.33718229899495267
Otu000074,0.16666666666666666,10389.599533151906,0.7710634168431402,0.004876542150688888,0.763487560413519,-0.3237557320448047,0.008517833623564614
Otu000315,0.16333333333333333,8.358347102729969,8.06225774829855,3.43176787522e-06,8.062257748298551,0.05330017908890261,0.6732572956685319
Otu000297,0.16333333333333333,2196.7577052077086,2.9622193514448667,0.00038092623414950926,2.2931561553873796,0.6470745067843926,5.7442716002230515e-09
Otu000746,0.16,13.085165352871538,8.06225774829856,6.863535750441539e-06,8.062257748298558,-0.006662522386112826,0.9579922192164678
Otu000221,0.16,471.8188907534451,5.511300766546426,0.00010638480413184156,4.211654460974838,-0.10615247497822801,0.40000947740831094
Otu000262,0.16,1774.9458475594984,1.479776388586239,0.0008648055045556434,1.3266405909153445,-0.2814439408712839,0.023136853754386174
Otu000656,0.16,377.5434753973129,3.566981041198757,0.00015786132226015232,2.8559898957278707,0.05917926108457938,0.6395903874860248
Otu000595,0.16,120.00234261878217,2.80568657905016,7.206712537963079e-05,2.453579804056867,-0.2696744344401504,0.029823971484724984
Otu000220,0.15666666666666668,4443.548511579128,2.251533232110207,0.003912215377751834,2.5661869209716,-0.36601008389645645,0.0027140090178158103
Otu000259,0.15666666666666668,325.33411742102646,2.9752509533960185,0.00022306491188934925,2.7386127875259114,-0.3194126434529508,0.009499219417333928
Otu000106,0.15,6176.970349774017,1.3922512734237122,0.002179172600765249,1.0182932160444669,0.22339784152624848,0.0736428748406167
Otu000478,0.15,847.5418446541628,3.405892927084299,0.00012011187563272462,2.9742731919594108,0.4933836890445234,2.9673833185585912e-05
Otu000119,0.14666666666666667,9692.534122315063,3.2261388567999556,0.0012869129532078292,2.7581878108642535,0.5915441033447176,2.114790866756937e-07
Otu001288,0.14666666666666667,131.22754936563763,3.2935367560728133,7.206712537962925e-05,3.0517782259097763,-0.12020644991684071,0.3401872369926101
Otu001384,0.14666666666666667,268.61706290087324,2.5841693323679227,0.00014413425075927077,2.6016399306588753,-0.06461707735635287,0.6090806611089147
Otu000454,0.14333333333333334,458.5695487808642,5.418032154895285,0.00021620137613891538,6.079233623055573,0.1874068846936348,0.1349443250888006
Otu000690,0.14333333333333334,22.19581252938446,8.062257748298551,3.43176787522e-06,8.062257748298551,0.19321314919727198,0.12305421443392942
Otu000056,0.14333333333333334,9091.754769996392,2.327780341381872,0.010367370751042389,2.9843228495238376,-0.6023424543003987,1.1065867842799062e-07
Otu000818,0.14333333333333334,306.539332223271,2.6322478160288676,0.00012011187563271849,2.1795957779144484,0.13716334978747105,0.2759119714838024
Otu000851,0.14,714.4890536797135,3.2525332684751826,9.952126838139999e-05,3.3157732072550936,0.5433795257279238,2.908023985299074e-06
Otu000059,0.14,17111.390848523137,0.959119314049104,0.007700887111995708,0.8080737661064448,-0.26845345893673617,0.030602309985392456
Otu000361,0.14,2531.1405087369376,1.2700471872968202,0.0011496422381989766,1.3080074727135962,-0.06204011860938553,0.6234606616364886
Otu000682,0.14,914.7169836956716,3.852579025882057,0.00010295303625662309,3.4059792196143306,0.43910064158614087,0.00025302974515797866
Otu000378,0.14,87.92006721803732,4.004268037084527,2.4022375126543074e-05,3.7154016180857896,0.20904744785542756,0.09467962961756417
Otu000456,0.13666666666666666,368.81774648810034,1.8884376032632046,0.00016815662588580622,1.8319630479115125,0.014223570915163627,0.9104628892861336
Otu000488,0.13666666666666666,28.749805068721198,6.471906265311796,6.86353575044e-06,5.656163673374385,0.16619250733697202,0.18579840399882153
Otu000522,0.13666666666666666,735.5148878093318,2.662972275281486,0.00015099778650971076,2.437327817610134,0.3655489025023479,0.002750417071864808
Otu000255,0.13666666666666666,2205.0345297551426,3.8192202626888445,0.0005147651812831293,3.0879020206102874,0.4378874383085241,0.0002643890346271596
Otu000785,0.13666666666666666,124.85801491789492,6.8500509393584395,1.3727071500881537e-05,6.3438269699765435,0.2476148668850523,0.04673576847791424
Otu000647,0.13666666666666666,58.20456776197262,5.692690740525895,6.86353575044e-06,5.656163673374387,0.2564112970341854,0.03923156522113309
Otu000646,0.13666666666666666,136.36205554625167,3.600789914459539,5.147651812830923e-05,3.6552853665770786,0.07202865992733108,0.5685506515108232
Otu000206,0.13666666666666666,48.520132634396596,5.449968632034018,1.3727071500881537e-05,4.872395137404386,0.09924260926450262,0.43155170828240175
Otu000063,0.13333333333333333,17015.839405715953,2.4243468713476592,0.00802004152439126,2.206031530701625,-0.33553548045889614,0.006287770382673853
Otu000387,0.13333333333333333,212.52976443075565,2.7439494844094514,8.922596475573232e-05,2.24478562450861,-0.1510938219851655,0.22958326073764096
Otu000299,0.13,78.02704575232939,8.06225774829855,1.0295303625661538e-05,8.06225774829855,0.16656305965282067,0.18480552462217623
Otu000090,0.13,8048.51483738602,1.0354474884632363,0.0033047924638377082,0.7194781114222801,-0.17640249448286763,0.1598258930408543
Otu000939,0.12666666666666668,182.96298563805078,8.06225774829855,1.3727071500883077e-05,8.062257748298551,0.21320071635561044,0.08815838087079776
Otu000082,0.12666666666666668,18040.038351508774,3.0549603838520625,0.002484599941659926,2.333869795439909,0.4214225833400401,0.00047222225960399824
Otu000712,0.12666666666666668,411.7666214348216,3.8655834416158403,5.834005387874769e-05,2.9676200954877903,0.4084183843477537,0.0007315732863837179
Otu000219,0.12333333333333334,3213.252871203693,2.115920827504708,0.0008167607543025647,2.022712843047093,0.2112352528606415,0.09119896410840826
Otu000159,0.12333333333333334,304.6843409478541,2.270258043802724,0.00022992844763978923,2.0362248335421054,-0.37161128129293197,0.0023048969157706853
Otu000340,0.12,909.2727303797251,2.338464087744363,0.00015442955438492618,2.1655089499574975,0.5198083975164951,9.101135607268556e-06
Otu000425,0.12,1032.8789367092777,1.3738341054667034,0.0005113334134078893,1.3724355310794054,-0.21209566219550072,0.08985793318751771
Otu000001,0.12,350661.5446488612,0.7341576220413466,0.15098062767034437,0.39442236396506597,-0.5646225801975313,9.631153629552234e-07
Otu000816,0.11666666666666667,602.763176913468,2.139440500936612,0.0006005593781636492,2.054350783789664,-0.574134982311333,5.724457774542465e-07
Otu001087,0.11666666666666667,216.67402573825902,3.165393952837346,4.4612982377864615e-05,2.8228974476591584,0.3873142105634925,0.001435391078747324
Otu000390,0.11333333333333333,967.511325864205,2.0527574369623993,0.00033631325177162924,1.492913724568395,0.11468773631522146,0.3629767145861589
Otu000770,0.11333333333333333,592.7195479908712,2.59356742069496,0.00016815662588581234,2.071453704482182,0.20626822025877553,0.09925003145653924
Otu000938,0.11333333333333333,124.41376726127763,5.534195968666943,3.774944662742615e-05,4.2520352443282805,-0.07332508354286327,0.5615926755081209
Otu000418,0.11333333333333333,891.5496743801368,3.177447572194627,0.00031915441239552917,2.734889745786838,0.17422220798541987,0.16513364236371192
Otu000489,0.11,324.2354909617528,2.306984189189044,0.0001750201616362492,1.7083350915680864,-0.39373234648365096,0.0011748111434151175
Otu000175,0.11,6372.484159863758,2.2561566044783823,0.001081006880694574,1.7993658074849357,0.5872066155515452,2.725131560605809e-07
Otu000235,0.10666666666666667,3195.206738923799,2.5150729885281264,0.0010535527376927892,1.2211651282673852,-0.12726067235379251,0.3123922023505918
Otu000117,0.10666666666666667,490.2605026410886,2.832353762592785,0.00018188369738669235,2.0209388073926635,-0.1262832617409899,0.3161536668558011
Otu001242,0.10666666666666667,207.27996815799852,4.768853087985463,4.804475025308923e-05,3.5294406824047067,-0.0773447333655217,0.5402782492894371
Otu000666,0.10666666666666667,209.86093264469199,3.65513823654557,6.863535750441231e-05,2.8100683932959085,-0.030436242201989358,0.8098036837381244
Otu000711,0.10333333333333333,215.65875026338816,5.1617290582909074,2.4022375126544612e-05,5.222718230412868,0.30545684419896935,0.013348391450735964
Otu000073,0.10333333333333333,20699.964609951436,1.9181127028698755,0.005816846548499426,1.5567223891272381,0.3749358798359882,0.002089014632325622
Otu000249,0.10333333333333333,3560.3940418390857,1.0994528289113805,0.0017399063127369674,0.845631637614864,-0.24758339513608532,0.04676459555684514
Otu001309,0.10333333333333333,26.00901525077646,8.06225774829855,3.43176787522e-06,8.06225774829855,0.16656305965282067,0.18480552462217623
Otu000274,0.10333333333333333,110.74577745671681,4.153052405339007,3.774944662742615e-05,3.395997583446899,0.00409143867679601,0.9741958738318832
Otu000292,0.1,1357.489466001818,1.9019823798845457,0.000686353575044168,2.296881377542214,-0.12392070391891478,0.32536501947031304
Otu001451,0.1,148.38236694075042,4.161699172878877,2.402237512654154e-05,3.3331207415201605,0.23310246028947657,0.06166459615110732
Otu000018,0.1,5048.13261750682,1.2814429060295698,0.002179172600765257,1.4976233833149286,0.15256370258968158,0.2250307647873986
Otu000244,0.1,1130.4580160270427,4.275148382721581,0.00032258618027075994,3.7558097820052176,0.23621788358386006,0.05817170383356527
Otu000986,0.1,108.04496129652182,5.402050335240539,5.147651812831078e-05,5.511666918657677,0.059934273730444666,0.6353169868409608
Otu000532,0.1,398.84538969474437,2.6046268752684347,0.0004564251274043708,3.4226130973836795,-0.3349473700235595,0.0063855330247369274
Otu000214,0.09666666666666666,219.5828127133274,2.923018941650805,8.922596475573384e-05,2.2878756522154076,-0.010632889269576456,0.933005471963492
Otu000062,0.09666666666666666,907.4834814214378,2.131343903867569,0.0002676778942672138,1.7751173670118054,0.1730140463063088,0.1681300092044076
Otu000379,0.09666666666666666,774.3092318416584,2.3349506367593387,0.00028483673364332,2.3677122488526074,0.07651769362709014,0.5446312107668148
Otu000261,0.09666666666666666,3517.746093357813,2.481989594218198,0.0005250604849087845,2.1313807790667196,0.73855012303028,2.1897499480060706e-12
Otu000283,0.09333333333333334,1128.5039133169762,3.2490660222271996,0.0005490828600353416,2.861898007455561,-0.1900101939771671,0.12951036190668758
Otu000113,0.09333333333333334,3345.726857475249,3.240266484266511,0.0004392662880282708,2.8001284297372036,0.4852631020436924,4.185730654066868e-05
Otu000029,0.09333333333333334,42025.5223943122,1.5671623825437275,0.012024914634774076,0.9339049935230612,0.3754221568496489,0.0020590039352519295
Otu000614,0.09333333333333334,449.3742510269566,2.973353005102476,7.893066113007078e-05,2.469329826503721,0.5167549560202134,1.0485994955444209e-05
Otu000408,0.09333333333333334,1298.5485738869913,1.604483564933213,0.0009471679335609475,1.634842070624355,-0.5017609914068923,2.061743181106889e-05
Otu000085,0.09333333333333334,20973.664903413923,1.1000497899041881,0.007851884898505431,0.680785350536169,0.005902930166392701,0.9627779032948063
Otu000535,0.09333333333333334,204.5549112139879,4.095734930021982,3.088591087698462e-05,3.8038824383698797,0.2380097778998315,0.05623650467626116
Otu000843,0.09,1742.8819767669313,4.515882879192451,0.00024022375126545232,3.409054382921324,0.30851341051586006,0.012406324077638598
Otu000367,0.09,1125.5762472369126,1.8012570121998872,0.0012800494174573845,2.163701185479369,-0.6495550586832816,4.805954033496904e-09
Otu000265,0.09,1995.5039988678595,2.315568531441076,0.0011942552205768645,2.765777541291785,-0.12840519216709861,0.3080243675556279
Otu000389,0.09,803.5049815490999,1.5493179889590973,0.0004770157346556815,1.956004505513492,-0.27638691666980086,0.025835579053730205
Otu000392,0.09,830.7681491514957,2.9520189946571107,0.0001544295543849262,2.2970055654920976,0.3711296643884445,0.0023377709611904305
Otu000099,0.09,2307.0093411489565,1.7179699931984622,0.0017570651521130803,1.9345397176542891,-0.5149263989572564,1.1406814815896815e-05
Otu000487,0.09,1823.9376929202617,2.3825967134148454,0.0003534720911477354,1.951126469492214,0.5190599197966698,9.4238693747119e-06
Otu000860,0.09,272.1929693340655,3.0091143553541992,6.520358962918924e-05,2.6168171496037704,0.2748735749137838,0.026693072112931975
Otu000459,0.09,60.13205270852277,6.072301182053938,1.7158839376103075e-05,5.771698190307557,0.12724044192146347,0.3124697642377191
Otu000977,0.09,176.07134179721666,2.4543836769632676,0.00018188369738669695,2.609667413396638,-0.41072215292167413,0.0006778480312244397
Otu000779,0.08666666666666667,84.06087282897782,4.251016418550287,3.774944662742769e-05,4.501348512363067,0.12475518115645198,0.32209221452470765
Otu000468,0.08666666666666667,874.420378101202,4.517034835662919,0.0008304878258034523,3.59622446867594,-0.5515680375034174,1.916516669572982e-06
Otu000514,0.08666666666666667,900.3209938056586,2.4522062494541284,0.0002951320372689862,1.8662813337667148,0.24732791942706614,0.046999143603760396
Otu000431,0.08666666666666667,149.8754087132587,2.7999841755908017,9.952126838140155e-05,2.8304561234588554,-0.17837899439983054,0.15512401588302652
Otu000285,0.08666666666666667,1342.4792070883166,1.678565054030848,0.00047701573465568005,1.288299070321601,-0.01979443568365046,0.8756337089325763
Otu000217,0.08666666666666667,1618.2419824176798,2.4401108404169767,0.0002882685015185401,1.9088323787515658,0.4348988346795862,0.00029438927927558084
Otu000547,0.08666666666666667,479.0260727891694,2.1409177694494828,0.00018188369738669538,2.2519447906152212,0.12194756131665542,0.3331872949823047
Otu000108,0.08666666666666667,8146.228576454637,3.321126111700745,0.00112218809519722,2.1732244766629325,0.5792154753588649,4.3064132178290035e-07
Otu000210,0.08333333333333333,4055.8596181478747,1.2955263595547735,0.0018154052059918366,1.1313519795564584,0.050579121915642344,0.6890637865119513
Otu001210,0.08333333333333333,397.4033091611044,3.295410470660172,5.1476518128306156e-05,2.6279745052036696,0.5210339861033148,8.594835312375948e-06
Otu000076,0.08333333333333333,9099.43020494175,3.064315990105632,0.004632886631548222,2.0834294216524123,-0.29260219910718527,0.01801636214965121
Otu000601,0.08333333333333333,138.25514957085738,2.6098281673692703,9.95212683813923e-05,2.021547128882413,-0.2921739762053089,0.01819328926721666
Otu000399,0.08333333333333333,445.18244028552294,2.9654498827268543,8.922596475573538e-05,2.4921752546721923,0.33813557094110097,0.005871134022417761
Otu000716,0.08333333333333333,272.8770838929975,4.335590508826298,9.95212683814e-05,3.6750840219472436,0.050093141323973155,0.691901061573549
Otu000066,0.08333333333333333,2229.2846691580157,2.815901954884346,0.0004015168414008276,2.1113852161234186,0.42334616524678864,0.0004419488351103767
Otu000162,0.08333333333333333,2076.4394622011364,1.6546637078382267,0.0006177182175397339,1.2275275480301762,0.19271619465954526,0.12403951329996217
Otu000581,0.08333333333333333,1145.6270867962728,3.8447754932346445,0.00016472485801059382,2.8853297031119736,0.34337936640072614,0.005104080713695915
Otu000036,0.08,38171.85371706412,1.1988946163203993,0.013246623998352728,0.6070261007415846,0.04542076611235371,0.7193900568939308
Otu000900,0.08,203.7430233463168,3.157186215318437,4.461298237786461e-05,2.8228974476591584,0.28635967406914226,0.020746400932832424
Otu000039,0.08,68.9212658830797,5.756602709242396,1.0295303625661538e-05,5.971576192449057,0.22745507241299495,0.06842696162603917
Otu000291,0.08,1567.59595107809,2.4392389692635814,0.0007138077180459217,1.607933213398543,-0.19545985337937982,0.11867402867748897
Otu000158,0.08,10893.002925786643,1.7285818691287207,0.004138712057516399,1.0849121767295136,-0.22121580950457173,0.07657653334095103
Otu000101,0.08,2822.403716825614,1.5197122632365425,0.0014653648827193107,1.3169232392435422,-0.1474614911102365,0.24110632651193095
Otu000176,0.07666666666666666,3883.871741929683,1.7204347098870068,0.0014756601863449674,1.4032750892834287,0.05848443558428627,0.6435334712610388
Otu000190,0.07666666666666666,4900.388131249679,1.9790229742546444,0.0021414231541378175,1.078577803463912,-0.3577610723180566,0.0034345614061569206
Otu000894,0.07666666666666666,98.58801605037829,3.3222515326761792,2.7454143001761537e-05,3.049478054725217,0.14175368576720804,0.26000525364454063
Otu001076,0.07666666666666666,603.539362421799,1.890166550111059,0.00035004032327250927,1.6631667403797774,-0.3576565279675087,0.0034446915388597695
Otu000022,0.07666666666666666,73200.54066553578,1.3867608070777415,0.03293124453061994,1.4786517479870136,-0.16101148637238608,0.2000858103559238
Otu001142,0.07666666666666666,51.532203496971526,4.780988522766529,1.3727071500881537e-05,4.872395137404383,0.22601587573260443,0.07024215252216871
Otu001276,0.07333333333333333,90.18092940853484,3.5860113259946607,2.7454143001763075e-05,3.3708017870383458,0.2332726815667113,0.06146947310783713
Otu000256,0.07333333333333333,1194.6145329538956,2.3302959140118777,0.001530568472348512,2.7257986526627924,-0.5359940428000519,4.196439234551575e-06
Otu000516,0.07,645.5805505307226,1.7947070644330076,0.00020590607251323237,1.5476376486978498,0.25716268843617657,0.03863974171189075
Otu000501,0.07,28.595815353729478,6.232743449817194,6.86353575044e-06,5.656163673374388,0.10446386175466812,0.40759001679332474
Otu000071,0.07,4772.764927882771,3.5468878944638544,0.000597127610288426,3.0890395279298892,0.38413358679551224,0.001582877291286571
Otu000122,0.06666666666666667,9138.424210909243,2.354689163081925,0.0030577051768218085,1.0873941847286528,-0.14617020431993147,0.2452968906676179
Otu001084,0.06666666666666667,485.0051344171997,3.644869090812875,8.922596475573538e-05,2.891258376555233,0.24249879954371295,0.05161737919965941
Otu000458,0.06666666666666667,828.2492733763453,2.16590133957076,0.00035347209114774,1.7457767874425894,-0.030474663320581415,0.8095680892025201
Otu000740,0.06666666666666667,7.018292180716892,8.06225774829855,3.43176787522e-06,8.062257748298551,0.05996270147501544,0.635156314919592
Otu000203,0.06666666666666667,1322.877416033562,2.971211553096698,0.00037406269839906453,2.4271349425036934,0.08634008236761138,0.49405840823059943
Otu000932,0.06666666666666667,345.51494882822374,4.608247038619333,7.206712537963385e-05,3.6748902832745145,0.18176159041124854,0.1473162436351057
Otu000213,0.06333333333333334,547.3868285711836,2.0740069663798932,0.00021620137613890308,2.1731761625347588,0.16872666904019995,0.17908464963925652
Otu000084,0.06333333333333334,10710.608074581583,1.810910808319207,0.0035724703581049466,1.9857384142698205,0.24260104454338113,0.05151589489248532
Otu000634,0.06333333333333334,14.767086624684708,5.882799482936241,6.86353575044e-06,5.656163673374387,0.04748357352484915,0.7072077796401787
Otu000050,0.06333333333333334,8844.075506522075,2.02752317504317,0.002017879510629858,1.029870605285969,0.3029584213166362,0.014163651556359022
Otu001124,0.06333333333333334,332.44760594039025,2.2292943104006717,0.00012011187563271694,2.3462953865225504,0.22457804034553605,0.07209392733380629
Otu000168,0.06333333333333334,1845.0507589567412,3.2001051140961296,0.0002470872870158939,2.7229783441823834,0.6035146752925202,1.0299653542684399e-07
Otu000238,0.06333333333333334,895.9362206386509,3.328737485054122,0.00012011187563272615,3.381277231208104,0.5228043078585908,7.909703873409461e-06
Otu000639,0.06,553.6091758314316,2.3151493920472537,0.00027110966214243995,2.525511754448151,-0.04959749268551705,0.6947991349241514
Otu000096,0.06,7145.999921920075,1.7886460540178752,0.0019766982961272124,1.0591413926846138,0.38323291756045663,0.0016270447010989118
Otu000451,0.06,529.6837379656478,2.8376394316780935,0.00024022375126544462,1.8227848591804552,-0.16944182680588826,0.1772222420253977
Otu000293,0.06,468.24118866487026,4.595676311703871,0.0005662416994114432,6.328016290629564,-0.153501753947862,0.22215855549456662
Otu000445,0.06,651.320051239726,2.7640594812567416,0.00014756601863448923,2.1918103442546144,0.30897409649410157,0.012269440632364995
Otu000679,0.06,998.2874301295491,1.9880832210187427,0.000329449716021183,1.6152184990571583,0.07558990472830714,0.5495345955243756
Otu000607,0.06,523.8839833284712,2.87978170956897,0.00018874723313713846,2.232889485519991,0.06032021334949122,0.6331371124274326
Otu000848,0.06,351.080501309219,4.795663893451931,7.893066113007693e-05,3.7529131721748787,0.3187497638914832,0.009657349240231313
Otu001086,0.056666666666666664,288.0925555036978,2.9359812824315497,6.177182175396924e-05,2.431448248764522,0.35853703782486057,0.003360195354719717
Otu000184,0.056666666666666664,1267.573188726643,2.289834246689431,0.00024365551914067084,2.1269398184881276,0.5037884575443556,1.885102122192559e-05
Otu000583,0.056666666666666664,294.0654292867071,4.1586062307867095,3.774944662742616e-05,3.987163027550453,0.38267856653189003,0.001654776351705052
Otu001236,0.056666666666666664,129.30409635374664,5.620067550288195,3.774944662742769e-05,3.847895743506179,0.11712491062082162,0.35279980303305913
Otu000080,0.056666666666666664,14485.783988054702,2.63389854733017,0.004807906793184474,1.1559654482436217,-0.14583091212164168,0.2464062049791621
Otu000917,0.056666666666666664,743.2771710736284,5.686877550923622,8.922596475573693e-05,3.997069238830039,0.23557349928077878,0.05888068452660556
Otu000400,0.056666666666666664,993.0168640958151,2.9822110772640857,0.00026424612639199696,2.1203498722393146,0.22227959446440512,0.07513490667657284
Otu000123,0.056666666666666664,6637.896445125689,1.981975100408893,0.0012834811853326027,1.5082664092489162,0.5715978693264643,6.587069464409586e-07
Otu000138,0.056666666666666664,70.2344960723416,7.447084162123156,1.0295303625661538e-05,5.9715761924490565,0.11628403188230184,0.35629097304679613
Otu001038,0.056666666666666664,569.2263666466474,3.5941754319703985,0.00017502016163625694,3.2060659838277874,0.1297562283859349,0.3029194070958762
Otu000401,0.056666666666666664,138.53787185435584,4.283445172206739,2.0590607251323076e-05,4.161976526977565,0.2841712256988562,0.021783319696320348
Otu000110,0.05333333333333334,15843.646472568482,3.206043398158684,0.014368812093549971,3.3508342691699644,-0.21261333495937831,0.08905858525466728
Otu000482,0.05333333333333334,171.25778870948372,5.360045521708883,5.4908286003532316e-05,4.9250361872084385,0.18945296594158823,0.1306592994590405
Otu000453,0.05333333333333334,1530.386592280238,2.013001413642054,0.0004358345201530215,1.337185178323701,0.06451662627405552,0.6096384955415715
Otu000116,0.05333333333333334,255.11163244736537,5.427688962945272,3.0885910876986156e-05,4.924389728436738,0.3289064278119811,0.007469610976000708
Otu000509,0.05333333333333334,788.4714268477501,4.110417727913813,0.00022306491188934773,2.861380785564983,-0.06024500946210754,0.6335616379646672
Otu000670,0.05333333333333334,1182.070848453817,1.5112714519263566,0.00040494860927604154,1.3383308726029122,0.2232065596828223,0.07389640446979993
Otu000133,0.05333333333333334,4294.535537595362,2.871540823789381,0.0008030336828016723,1.8606705531629057,0.4158879819607999,0.0005701531856175429
Otu000328,0.05333333333333334,402.0850992779562,2.939751376506653,7.206712537963076e-05,2.453579804056813,0.28601564568364635,0.020906569687882678
Otu000269,0.05333333333333334,2341.095366938347,2.2873419784687172,0.0005868323066627663,2.7977754314814702,0.682558154020101,3.7977628692321354e-10
Otu000857,0.05333333333333334,185.40276597951214,3.19155931758328,6.520358962918461e-05,2.2403223699570782,-0.08329747150131435,0.5094572667066907
Otu000337,0.05333333333333334,105.15982557456374,6.035926890014306,2.7454143001763075e-05,3.9355153728579078,0.0038789348428543507,0.975535684301918
Otu000004,0.05333333333333334,273516.42887301976,1.2564923279017377,0.08369738670876307,0.48570673902643724,0.35282291111056274,0.003943025260631937
Otu000322,0.05,1161.16501264469,2.410780264593538,0.0003671991626486185,2.055656552624103,0.08161564342180747,0.5180731268959752
Otu000329,0.05,363.6517924981556,2.860791627348666,0.00013383894713360158,2.3899383999501547,0.009709084788992607,0.9388143972615963
Otu000308,0.05,25.84089853978277,8.062257748298556,3.43176787522e-06,8.062257748298551,0.17322558203893348,0.1676025219890399
Otu000343,0.05,531.2414595171509,3.882598175697414,6.86353575044154e-05,3.9355153728578656,0.3984080165022881,0.001012714148004621
Otu000344,0.05,3551.784315748726,2.2418382350966137,0.0007138077180459214,1.7198150109460109,0.5297314577873544,5.688891450821425e-06
Otu000898,0.05,370.9667939916608,2.5549945953005815,0.0001887472331371385,2.57766751826362,-0.041695128907383645,0.7415678612246902
Otu000135,0.05,1677.1098843219693,2.7220970809292804,0.00029513203726898616,2.383016238718745,0.5266565698428448,6.591005460240336e-06
Otu000266,0.05,938.3049806764013,1.906645445229786,0.0003019955730194216,1.734374418323262,0.23604487048989561,0.05836137738340691
Otu000128,0.05,5119.7978055697595,1.9898019280750752,0.002903275622436871,1.350482997566507,-0.44582535556565195,0.00019776728817195402
Otu000020,0.04666666666666667,34943.89578611234,1.532348338310468,0.009409907513855733,0.9129521525955512,0.42831070320079867,0.0003718049479740035
Otu000103,0.04666666666666667,12573.560612339954,1.6761395075352723,0.005370716724720722,1.1764497897181854,-0.027294676527813238,0.8291225415585988
Otu000057,0.04666666666666667,11648.26896138918,3.4507471121848057,0.003692582233737704,3.2744517866360616,0.44875345427068175,0.00017736131907343427
Otu000165,0.04666666666666667,1536.177794852347,3.205769172626501,0.00023679198339023077,2.366097382652906,0.3658224698636586,0.0027287680745960072
Otu000313,0.04666666666666667,2285.862123543645,3.1088785081230967,0.0003054273408946523,2.6975836618491305,0.5774598045834145,4.754127966400379e-07
Otu000319,0.04666666666666667,3376.1797753324536,2.9968821700148123,0.000586832306662757,2.668079587788927,0.4855416789011162,4.1372189636433255e-05
Otu000604,0.043333333333333335,63.19311323461275,5.956727004065659,1.3727071500881537e-05,4.872395137404384,0.11974032565408192,0.342076731844669
Otu000436,0.043333333333333335,775.7988469362894,2.836744290049167,0.0002917002693937692,2.432990349656726,0.06254716900964637,0.6206198860144173
Otu000311,0.043333333333333335,225.88514129000143,3.539029881702743,3.7749446627423075e-05,2.677336393748435,0.13747476821221247,0.2748127803698839
Otu000336,0.043333333333333335,641.9811996595686,3.8626132433812517,0.00025738259064155233,3.0380915061928055,-0.022362234696969196,0.859654528244246
Otu000369,0.043333333333333335,589.5039714133735,2.0092397233064907,0.0002951320372689815,2.013519493090096,0.007612134470934125,0.9520114441197483
Otu000273,0.043333333333333335,1713.5329982268051,2.0839016631088043,0.0009403043978105062,1.8634404893645864,-0.25395754806920395,0.04121677386092938
Otu000428,0.043333333333333335,479.4200780384016,2.33147339777798,9.608950050617537e-05,1.923480383501334,0.5148985608772974,1.1421398239483917e-05
Otu000441,0.043333333333333335,647.6142337023628,3.7387904495471904,0.0009300090941848587,3.7508271034055087,-0.6322163923746352,1.617376058250535e-08
Otu000086,0.04,10847.545420123886,1.2645569828976662,0.005065289383826047,1.1160035177953551,-0.1587218829830815,0.206642990296378
Otu000578,0.04,195.76053964206662,5.2347132682958755,6.177182175397539e-05,5.0469917546599765,0.14332681031094485,0.25469945300284774
Otu000444,0.04,104.80231786441085,5.019917281067571,5.4908286003529226e-05,4.000503508349219,-0.17034189005939043,0.1748983673740737
Otu000169,0.04,10519.344235483444,2.8039876037551,0.002052197189382095,2.599209996127641,0.6597344001798429,2.2718262618045626e-09
Otu000289,0.04,115.44136016060664,3.777442796406142,2.7454143001763075e-05,3.9355153728579064,0.2999078890694705,0.015216893044025896
Otu000523,0.04,416.6971106573554,4.892927198703068,4.8044750253090776e-05,4.224450513718719,0.3732856055615004,0.0021938022093076037
Otu000326,0.04,2260.5427474071275,1.340234726828496,0.001578613222601592,1.2500413509228658,-0.5474080914713921,2.371954124993451e-06
Otu000511,0.04,528.5367886772251,2.4418957786902213,0.00022649667976456928,2.019031779113217,0.002408320885230566,0.9848093708530219
Otu000590,0.03666666666666667,638.3848768372825,3.6597400321896267,0.00013383894713360923,3.6419622305688377,0.2984202178150199,0.015754491471391473
Otu000053,0.03666666666666667,15133.544170447334,2.2882870843729735,0.003987714271006676,0.9580923938231762,0.31872090336537773,0.009664285626162394
Otu000774,0.03666666666666667,604.5327086875204,3.543760588165641,8.23624290053e-05,3.4713063028083235,0.4160539188957082,0.0005669672375942039
Otu000077,0.03666666666666667,5820.9787205638395,2.1712912869457677,0.003709741073113802,2.274875290395626,-0.345663020847547,0.004798648298444327
Otu000492,0.03666666666666667,197.58703700406664,3.9659726973084033,6.177182175396615e-05,2.5936361160482706,-0.10965710383429635,0.38454301044855665
Otu001656,0.03666666666666667,51.68179707956554,8.062257748298556,6.863535750441539e-06,8.062257748298553,0.17322558203893348,0.1676025219890399
Otu000141,0.03666666666666667,1148.7528911927106,2.278596607155311,0.00031915441239552467,1.8898824520954138,0.18613156482378868,0.13766828506798362
Otu000182,0.03666666666666667,1261.254057289246,1.6665451234554745,0.0004186756807769231,1.3369782787181774,0.1752347355268416,0.16265283663720914
Otu000191,0.03666666666666667,2824.5298096099796,1.1940411934127886,0.0014447742754679707,1.175549266319446,-0.1329851761133417,0.2909423476748522
Otu000163,0.03666666666666667,3048.2806519531923,1.7439987885726873,0.001091302184320223,1.661015342368778,0.21544433093544707,0.0847856182593505
Otu000357,0.03666666666666667,326.3160660622179,3.0121747932234224,8.23624290052923e-05,2.6470941057812607,0.23828834209118288,0.05594041572092056
Otu000631,0.03333333333333333,288.7998826438347,6.320078613106027,4.461298237786769e-05,5.16901828203406,0.23306721915540712,0.06170505518188818
Otu000556,0.03333333333333333,64.37086423926291,5.853309836781008,1.372707150088e-05,3.9355153728577914,0.10236582945611514,0.4171239824164844
Otu000048,0.03333333333333333,8339.786898800252,2.179860471657697,0.0017845192951148538,1.5401526912939663,0.4037312283651859,0.0008529627350154115
Otu000342,0.03333333333333333,3380.747939243982,1.7175604623758025,0.0016849980267334506,1.5834203749182818,-0.20234052904787364,0.10599983133722111
Otu000215,0.03333333333333333,2664.5746394028706,1.8457585596800306,0.0019801300640024523,1.753410719303864,-0.5664242089489251,8.738290465102892e-07
Otu000139,0.03333333333333333,4841.108782743012,1.8609622624043052,0.001379570685838775,1.3126215068677103,0.37115481513098675,0.002336043917431581
Otu000837,0.03333333333333333,266.57469025034754,4.409016284504366,0.00011324833988228308,3.6539583804048537,-0.17767768091355016,0.15678048564223976
Otu000078,0.03,11470.860103505554,2.5517950770341393,0.0018222687417422908,2.2815460291860417,0.5240959863082603,7.442333391523222e-06
Otu000131,0.03,120.13795112476186,5.172756340744931,1.7158839376103075e-05,4.769696007084826,0.25877615559278244,0.03739390946142409
Otu000067,0.03,17055.7508703859,1.4150684127511268,0.007718045951371816,1.0999497473478113,-0.19425314441876942,0.12101156060521412
Otu000593,0.03,497.8341677688365,4.047594548957096,6.863535750441539e-05,3.807630086418625,0.3587463758675548,0.0033403797129051456
Otu000144,0.03,806.1301567219755,4.037329169301485,0.00025051905489111535,2.746721591091539,0.00011095388715432615,0.9993001104884355
Otu000832,0.03,531.0313654180745,3.748778195510077,8.236242900529848e-05,3.302099763366144,0.40002476278418747,0.0009615513687654194
Otu000377,0.03,92.05080388476124,6.888447732909559,1.3727071500881537e-05,6.343826969976544,0.20481182499872766,0.10171270428942089
Otu000966,0.03,217.09243841520964,3.150429784984751,0.00010981657200706153,3.5749977805392534,0.022635649234889112,0.8579562779619614
Otu000132,0.03,128.68378511985452,4.49100842239775,2.4022375126543074e-05,4.958051069539959,0.26552577149644835,0.032538218121707006
Otu000985,0.03,248.40431527445568,3.7795550069989847,5.1476518128307694e-05,3.3187179586234854,0.09794281921350254,0.4376382650616365
Otu000043,0.03,24973.780722504493,1.2724346786360554,0.011863621544638703,0.8478825672139365,-0.2658316499665948,0.032331285506694486
Otu000277,0.03,3367.523394145747,2.9223118492873654,0.00044956159165392763,2.4188808964263537,0.5707476284224158,6.902500367760624e-07
Otu000407,0.03,540.6230256421687,3.805857827798712,6.863535750441385e-05,3.443460741027902,0.4293365925933188,0.00035864224995285556
Otu000100,0.03,1285.1136026987415,2.546674112387855,0.0003191544123955353,2.464791381540269,0.13727900609525262,0.2755034066320043
Otu000212,0.02666666666666667,3942.8263148118526,2.8509121246372944,0.0008991231833078506,1.9569032311176076,0.23814816437573857,0.056089253389791684
Otu000007,0.02666666666666667,93632.66204256423,1.0342941338126381,0.034945692273374636,0.6390158259424645,-0.0292420667259528,0.8171345370043601
Otu000223,0.02666666666666667,1542.2905596310843,1.4913137403842254,0.0006486041284167292,1.5207844016767145,0.02229675141818682,0.8600613566354927
Otu001089,0.02666666666666667,477.5215481734413,2.5327098955789045,0.00013727071500882156,1.9838212810130686,0.3682141991290504,0.0025458714896743474
Otu000263,0.02666666666666667,423.4480812512226,3.314904951584436,7.54988932548508e-05,2.9673020065959057,0.3195526972459266,0.009466099452524744
Otu000011,0.02666666666666667,133472.78253083376,1.4089362130533705,0.03910842670601759,0.5348203528135445,0.37386895456316654,0.0021562359886532754
Otu000112,0.02666666666666667,12816.861754309777,1.8381120316472301,0.0037577858233668678,1.144775131612262,0.0075970836402413115,0.9521062164260905
Otu000623,0.02666666666666667,683.8161211517012,2.3824214063388354,0.0001853154652619108,2.0250462534304807,0.23618869239003767,0.05820367092197296
Otu000793,0.023333333333333334,120.85606552617574,3.1504490872992688,5.1476518128307694e-05,3.4059792196145193,0.10736563385261053,0.394614790893423
Otu000253,0.023333333333333334,2191.6243181485606,1.9407224314576297,0.0006314452890406306,1.8457344099759785,0.3120891495228433,0.011377672660803733
Otu000355,0.023333333333333334,816.4893581049773,3.6857707898497845,0.00011324833988228461,3.3601068364339763,0.46529197549872264,9.409151749097992e-05
Otu000421,0.023333333333333334,848.6619912352658,3.6768161104746637,0.00011324833988228616,3.413801459376445,0.4665940271174021,8.938667444587349e-05
Otu000204,0.023333333333333334,1231.3734634955988,2.6378915422023703,0.0004907428061565693,1.645178279168582,0.07826253218684721,0.5354675640329456
Otu000010,0.023333333333333334,74727.19566436969,1.2995177060993985,0.023775287839530524,0.6435542107038636,0.031623231211488884,0.8025330497556635
Otu000098,0.023333333333333334,7150.527514929212,2.210269056484735,0.0022340808867687897,1.5304627324820406,0.19325524726898144,0.1229710225462409
Otu000587,0.023333333333333334,558.165929621305,5.478541414387394,8.579419688052e-05,5.7899697753962105,0.3335233947361244,0.006627790480379331
Otu000782,0.023333333333333334,47.485187386880355,7.121913440677164,1.7158839376103075e-05,5.771698190307557,-0.03184663184716307,0.8011665028521343
Otu000224,0.023333333333333334,3701.6957656287855,2.4415708949567763,0.0011359151666981077,2.4819557414720563,0.22348944635686038,0.07352170561819764
Otu000227,0.023333333333333334,1473.920056769677,1.6468500689062677,0.0005525146279105417,1.4663043560480742,0.18135460984952653,0.14823981496773778
Otu000755,0.023333333333333334,1032.1244831750714,2.965218618909115,0.0005731052351618801,2.688667139185319,-0.16362070622543426,0.19279564825097098
Otu000563,0.023333333333333334,1029.7699112201647,3.0897017529381894,0.0002333602155150123,2.6092194349438627,0.46701762553091775,8.790342256298108e-05
Otu001414,0.023333333333333334,96.96002735119,5.727376204007539,1.3727071500883077e-05,5.656163673374381,0.2279211529192759,0.06784724999832537
Otu000030,0.023333333333333334,17178.903331840957,1.673343123686752,0.008071518042519573,1.8032386026189309,-0.18228699552909094,0.14613028570231257
Otu000006,0.023333333333333334,50233.25047495838,2.7984853544949613,0.010518368537552095,1.6907996521460276,0.09277157128265376,0.46232548165185405
Otu000064,0.023333333333333334,6149.295454464213,2.963634770084886,0.001211414059952954,1.4987473938097506,0.3551558287859855,0.003695047550242462
Otu000388,0.023333333333333334,284.71142716930643,3.1638146486966,0.00011324833988228307,2.9570696288244256,0.14103008216132834,0.2624707015408547
Otu000040,0.023333333333333334,13847.811917980753,3.0635272725689084,0.0018909040992467182,2.7609229388898164,0.6694598649778175,1.0805561645105655e-09
Otu000290,0.023333333333333334,577.0277477345181,3.4065260711436656,0.00026424612639199533,3.8680980731700014,0.16031397736857939,0.2020674962720953
Otu000068,0.02,3697.7069760565587,4.60895434176298,0.0005044698776574661,4.55535869763129,0.4649939992775284,9.519982568145128e-05
Otu000669,0.02,784.4013341368246,2.334039245457463,0.00018874723313713694,2.0600489442954766,0.23273455627674403,0.0620880305595767
Otu000172,0.02,3369.8242618679114,2.061917934160139,0.0009711903086875048,2.5961528367709272,0.4358302107547843,0.00028472201693227107
Otu000706,0.02,249.16271520787927,3.9464412224835876,3.774944662742461e-05,3.2313514558781105,0.301044853771697,0.014816727510860444
Otu000083,0.02,2871.782367825115,1.843370613580926,0.0012594588102060585,1.827887832062285,0.12498453000944398,0.3211963987278267
Otu000574,0.02,305.93243488048853,4.445526631678453,9.608950050618155e-05,3.9780768800094677,0.18041946283479723,0.1503783117939964
Otu000124,0.02,6494.291841904287,1.5676038342866832,0.002155150225638703,1.0843590261515281,0.0812072260192034,0.5201764544567482
Otu000373,0.02,556.5606965826455,2.724279258165192,0.0002573825906415615,2.38446942619204,-0.05581609836844223,0.6587665315490174
Otu000284,0.02,4747.415431030044,3.5291901017645193,0.0006520358962919662,3.8786479790552923,0.5552766196295573,1.5809084385194365e-06
Otu000136,0.02,4075.458662796204,1.598306946038369,0.0025738259064156618,2.3407059120416607,-0.17086240111891807,0.17356463090063143
Otu000248,0.016666666666666666,844.8079648786013,2.385174926785436,0.00030885910876986923,2.045513194383089,0.11494111294999947,0.3619104149775483
Otu000725,0.016666666666666666,279.843741392268,3.7510972965967935,5.147651812830769e-05,3.4910600109423866,0.3804703178909503,0.0017695056902482127
Otu000231,0.016666666666666666,2629.5375942360033,3.362378422967463,0.003414609035844806,3.598508172373631,-0.612823981957438,5.7653051132255076e-08
Otu001345,0.016666666666666666,186.1982234605948,4.244544551567954,5.147651812830923e-05,3.4059792196144114,0.1995619665294118,0.11098556812407032
Otu000279,0.016666666666666666,5720.471819056609,5.165384316352201,0.00089912318330786,2.8296888051343734,0.3768959401641172,0.0019703921308078997
Otu000091,0.016666666666666666,1922.372642118086,4.0261443650068145,0.0002436555191406769,3.7771819523674184,0.38582407048101985,0.0015028763793745628
Otu000410,0.016666666666666666,768.4095461850745,3.251717462979389,0.00030542734089464773,2.9400298041580877,-0.0972471987324575,0.4409153622097537
Otu000474,0.016666666666666666,1180.4057718903891,2.187197460553496,0.00024365551914067696,2.2173734889383803,0.5935049853676861,1.883444783909896e-07
Otu000672,0.016666666666666666,578.6109625559808,2.5748963690958737,0.0001544295543849308,2.7962579712851903,0.2460330751902411,0.04820281681373922
Otu000637,0.016666666666666666,178.50631913725368,4.322135370916602,2.7454143001763075e-05,4.428798687285405,0.31622968561429216,0.010279600743541735
Otu000047,0.016666666666666666,10699.818446152816,1.8097898238452976,0.002783163746804134,1.4819998499070404,0.2810388220512223,0.023343866896928026
Otu000349,0.016666666666666666,1166.0062816898019,3.576653087336539,0.00016129309013538,3.39206802839808,0.42195547459085575,0.00046365199140579175
Otu000222,0.016666666666666666,2530.600733123427,2.3738788914933173,0.0005422193242848847,2.0888158579519596,0.44953020272763106,0.00017228235642465328
Otu000624,0.016666666666666666,432.7053744470565,2.8779100703971148,7.20671253796323e-05,2.7417160324733727,0.4166122717146149,0.0005563654315180106
Otu000914,0.016666666666666666,817.072587762659,3.0302878030243456,0.0004838792704061369,3.0563269519805822,-0.15407010336353,0.22043084982645522
Otu000187,0.016666666666666666,3627.852387281178,3.8626372733569716,0.0005353557885344493,2.9155503816223467,0.634017229724029,1.4308602263748497e-08
Otu000517,0.016666666666666666,630.2596502726547,3.9771340777174786,0.00010638480413184308,3.94205559185594,0.3338454626318585,0.006572303244103836
Otu000016,0.016666666666666666,60012.80564049486,1.3794470794122289,0.019132105904356628,0.5587439672420972,0.04181466574244081,0.7408529129699671
Otu000267,0.013333333333333334,585.7875588359441,3.0654638148307924,0.00012697541138316463,2.5223616422314734,0.35163693219222364,0.004074655444066346
Otu000722,0.013333333333333334,158.94959985586598,3.559041111297919,5.834005387875231e-05,3.657229059611165,0.23570586032836358,0.058734486452352935
Otu000167,0.013333333333333334,1926.4261867087641,3.3823772828845935,0.0002779731978928846,3.278207872087189,0.5389240725112758,3.6319520425353227e-06
Otu000058,0.013333333333333334,9049.220712356082,3.231449139889039,0.0014722284184697648,3.128361369418136,0.6511150762745382,4.292441008396356e-09
Otu000764,0.013333333333333334,697.2021616455323,3.3834476789944534,0.0001304071792583877,3.7754360106666165,0.3818873927968593,0.0016950903020761284
Otu000105,0.013333333333333334,3235.609953390074,1.6488481171733056,0.0013864342215892168,1.8234922517338197,0.055343949781590934,0.6614766202052008
Otu000885,0.013333333333333334,709.5851025683344,3.328364433621928,0.00013727071500882766,2.6122271089532623,0.1957828965336481,0.1180541587322064
Otu000416,0.013333333333333334,1321.333587395116,2.9296586309985684,0.00019561076888758308,2.825877227019212,0.5960078952243495,1.6227172901233665e-07
Otu000515,0.013333333333333334,2072.315527867672,4.047531244989942,0.0002539508227663446,3.8472224786011626,0.47688287381934374,5.916166283624819e-05
Otu000205,0.013333333333333334,961.5776052893845,2.6132363425768963,0.0005353557885344416,2.7061289105576662,-0.06864321959886853,0.5869076124067669
Otu000371,0.013333333333333334,271.65847287359077,3.7752394350364273,0.00017158839376103693,3.60273333734277,-0.2363804831980658,0.05799390244629047
Otu000359,0.013333333333333334,2638.0576376739473,1.8880808559761852,0.0005353557885344493,2.1860113982624845,0.7028141753877282,6.749274136912162e-11
Otu000358,0.013333333333333334,686.5458894476573,2.364694193483765,0.00016472485801059233,2.1976142663219966,0.23357380517646617,0.061125520012739624
Otu000354,0.013333333333333334,209.18891049537584,2.9417613220415366,0.00011668010775750157,2.416031466058159,-0.15768197042373402,0.20967092768183992
Otu000218,0.013333333333333334,1177.5335276566186,3.67679518106093,0.0001784519295114754,2.3717082451263893,0.26670163242726996,0.031748732711594015
Otu000888,0.013333333333333334,525.4424108340899,4.002350771122628,0.00010638480413184461,3.9939918131536403,0.3219055942331699,0.00892452291087234
Otu001134,0.013333333333333334,41.254915492716,5.65640143919838,6.86353575044e-06,5.656163673374386,0.19468265145188152,0.12017556057820854
Otu000024,0.013333333333333334,45524.77904730248,1.9522188703090804,0.010144305839153009,1.10468322711934,0.39487148270640926,0.0011332988568545708
Otu001061,0.013333333333333334,62.22147494706505,6.190647684660725,1.029530362566e-05,4.581439002467819,0.08988765117535386,0.4764156500470973
Otu000681,0.013333333333333334,588.6617216493069,3.76269226454866,8.922596475574003e-05,3.8476859929054834,0.41758989019639287,0.0005382357392937804
Otu000925,0.01,62.440989855694156,8.062257748298553,1.0295303625661538e-05,8.06225774829855,0.13325044772225655,0.2899723967820791
Otu000019,0.01,45916.79633381903,1.3064466395008925,0.01930026253024244,0.9224688796516557,-0.14452143402186207,0.2507196861925111
Otu000413,0.01,745.6417623809608,3.37081129913916,0.0001235436435079477,4.100325449105399,0.5132521115467387,1.231546213682681e-05
Otu000412,0.01,2671.1942571457985,2.1433492077327556,0.000676058271418497,1.5596093039321612,0.38180083485691996,0.001699553893216308
Otu000065,0.01,2018.0226406904721,4.2268094460363015,0.00026081435851677844,3.7541852510550293,0.47069071176638977,7.596116952429347e-05
Otu000247,0.01,2300.1167727895127,2.630815993355368,0.0004289709844026061,2.4186773244896065,0.648767581087161,5.086806628847347e-09
Otu000033,0.01,24511.424861539486,0.9354795280549679,0.01078947819969455,0.7585275213311069,-0.12632108555657184,0.3160075683518174
Otu000680,0.01,403.27720165891594,4.296548906927348,0.00015786132226015077,2.755922476350314,-0.1598157055741517,0.20349165451377513
Otu001136,0.01,237.2344661404623,4.296926708885683,3.431767875220615e-05,4.334635221099993,0.3200195984248768,0.00935641143939734
Otu000079,0.01,16260.02976309819,3.1756424374474004,0.004931450436692445,3.0056330955523713,0.5114153076141064,1.3389567903303275e-05
Otu000479,0.01,565.952105272911,3.567688465808737,6.86353575044123e-05,3.3951942138853473,0.41242536725379275,0.0006404572199916842
Otu001621,0.01,417.8486627601704,3.984936474300555,0.0002436555191406769,4.080505871704497,0.008080417613174667,0.949063088949861
Otu000023,0.01,9117.062811762731,2.0789376725179305,0.002271830333396222,1.3856344356532575,0.1275468690880325,0.3112962730304448
Otu000414,0.01,1291.73137565847,3.8021035916670045,0.00020933784038847385,4.061416477380935,0.4115791798098197,0.0006587930651409667
Otu000179,0.006666666666666667,1526.6439440244333,3.4092887131598273,0.00022306491188935383,3.395769426801598,0.5364532466469805,4.102861405380218e-06
Otu000027,0.006666666666666667,29800.714771391416,1.0065243748536643,0.015463546045745452,0.7942758201245067,-0.32111555902240835,0.009103277231418067
Otu001155,0.006666666666666667,275.3453646802451,4.500110829501349,3.431767875220615e-05,4.334635221099993,0.34520146846486716,0.004859044731071993
Otu000257,0.006666666666666667,809.088334792978,4.184497593662441,0.0001304071792583877,4.1887414437122485,0.44697836347096714,0.0001894879809151191
Otu000743,0.006666666666666667,302.229610425711,3.976165368540093,4.118121450264616e-05,3.935515372857896,0.3809007832725244,0.0017465964769595346
Otu000093,0.006666666666666667,10501.633573610392,2.1835407498187687,0.006283566979529481,2.5009800846066366,-0.10632498434146918,0.39923973292037207
Otu000763,0.006666666666666667,159.75155770689278,3.701492524334509,2.4022375126543074e-05,3.71540161808579,0.3514873359506284,0.00409153230259134
Otu000317,0.006666666666666667,724.4783143533689,3.1587256673320847,0.00011324833988228616,2.977499220315421,0.3912665114132056,0.0012694023349803674
Otu000316,0.006666666666666667,755.3716811407181,3.7784423090580534,0.00011668010775750771,3.8990699583096187,0.3817599347858946,0.0017016666821573325
Otu000143,0.006666666666666667,5851.516434906567,1.9602938070328428,0.0018977676349971355,1.4840418123538954,0.12479410857682871,0.32194005554151095
Otu000636,0.006666666666666667,1939.8279516100147,3.251231961346923,0.00033288148389642313,3.0040951209997706,0.23601598426529868,0.058393094020172655
Otu000339,0.006666666666666667,494.238265124659,3.960401818348331,6.520358962919229e-05,3.614591274695304,0.42557550000014654,0.0004090813132346948
Otu000302,0.006666666666666667,908.6238517441968,3.541874487983857,0.0001269754113831677,3.700272925396976,0.47959845074649676,5.293877286300278e-05
Otu000360,0.006666666666666667,56.07752293622062,8.062257748298546,6.863535750441539e-06,8.062257748298553,0.17988810442504632,0.15160360601706943
Otu000042,0.006666666666666667,12978.606457991735,2.9271794697169984,0.0020659242608829743,2.722603207403634,0.19478495414601596,0.11997708913467818
Otu000323,0.006666666666666667,5030.286792393145,2.5163760163640876,0.0007549889325485908,2.317419242889412,0.6146157520656743,5.144940424928734e-08
Otu000766,0.006666666666666667,184.67698574786797,4.18243772103397,2.4022375126544612e-05,4.061862194830892,0.337836940097655,0.0059177185282495775
Otu000152,0.006666666666666667,6821.688185994955,2.709851413169501,0.0009334408620600768,2.6431960301060693,0.5589388610353752,1.3042185178578835e-06
Otu000294,0.006666666666666667,1242.784408702963,4.123623664141718,0.0001647248580106,3.3280292272344503,0.4519347132473901,0.00015739389902808841
Otu000426,0.006666666666666667,723.6797737915887,3.900534881687169,8.922596475573847e-05,3.530005311610824,0.44466506718854787,0.00020643246458451953
Otu000095,0.0033333333333333335,5494.220230909936,2.772546945268661,0.000981485612313174,3.0767976671041697,0.5823624546821429,3.6015399698281947e-07
Otu001330,0.0033333333333333335,88.95963506580416,4.958568599713903,1.7158839376103075e-05,4.769696007084824,0.22703775602182097,0.06894938588415742
Otu000403,0.0033333333333333335,1944.9114656977645,3.918297865684175,0.0002470872870159,3.7020875018214263,0.4939460520798065,2.896589634843368e-05
Otu000207,0.0033333333333333335,407.39405990494004,3.507199924511108,5.834005387875231e-05,3.5301010356362,0.4051127723018222,0.0008154149329529752
Otu000506,0.0033333333333333335,1099.3344271487156,2.6501915354645447,0.0001578613222601554,2.5193602910248196,0.5652617195068976,9.305030372691396e-07
Otu000081,0.0033333333333333335,3386.862323660325,3.2515204828601147,0.0005387875564096693,3.2688759725229413,0.66737507975136,1.2700922835967063e-09
Otu000189,0.0033333333333333335,302.2817949553014,4.0950460030970595,3.774944662742461e-05,3.9871630275507517,0.46572144667006127,9.251502431278427e-05
Otu000332,0.0033333333333333335,380.74891336845195,3.825595502971272,5.4908286003530764e-05,4.064452655724533,0.41448718865718875,0.0005977033199845596
Otu000481,0.0033333333333333335,2600.0867586643567,4.523311664559439,0.0003225861802707631,4.227481250723096,0.5065758715530725,1.665134270050343e-05
Otu000070,0.0033333333333333335,20945.747937737087,2.298672403879151,0.011064019629712216,2.4733577289557283,-0.15304397312105342,0.22355701226267213
Otu000471,0.0033333333333333335,478.4751802673344,4.873870133475985,7.549889325485232e-05,4.90726239094233,0.30182580167020784,0.014547137609570122
Otu000651,0.0033333333333333335,362.3686095231558,3.727876310466079,5.147651812831077e-05,3.4910600109422716,0.3929522167458976,0.001204026333629081
Otu000196,0.0033333333333333335,3874.0698337926165,2.658677417447222,0.000545651092160117,2.4698375260664522,0.6125008506285339,5.8844518366872416e-08
Otu000748,0.0033333333333333335,722.2619433895572,3.6114671882769622,0.0001029530362566231,3.3626316578934508,0.4556644814302591,0.00013662227556359157
Otu000730,0.0033333333333333335,886.5041294864359,3.439962272967325,0.00017502016163626155,3.5516050597690603,0.2425360670912874,0.05158037002567914
Otu000312,0.0033333333333333335,4093.684532953551,3.3439832245184276,0.0007755795397999185,3.6016368157499006,0.4239429862157379,0.00043292187229807195
Otu000660,0.0,217.12254112802216,4.893811367587727,3.774944662742615e-05,4.7375598297539225,0.3426707805077673,0.005202275349782358
Otu000298,0.0,3194.240542318843,2.2849111529174144,0.0004941745740318016,2.3998180430317264,0.6346022276531342,1.3747912166687501e-08
Otu000150,0.0,5148.44823123595,3.5292295145204404,0.000761852468299037,3.7158062666322995,0.5064400686619975,1.6752726754071126e-05
Otu000931,0.0,515.7486729799758,2.911999752179125,8.579419688051692e-05,3.106847276581296,0.4657664779891756,9.235114199765154e-05
Otu000924,0.0,968.8541150054051,4.180163496740782,0.00013383894713361232,3.782268572636777,0.38947279121356376,0.0013424634261564304
Otu000411,0.0,0.0,,0.0,,,
Otu000161,0.0,2772.361265172702,3.134254679638824,0.0004221074486521662,3.1584917885095027,0.46780422051517356,8.520913584160384e-05
Otu000195,0.0,2105.9682698831475,3.5189645856134533,0.00034660855539729227,2.5642596697979316,0.3026354159215672,0.014272118161996453
Otu001475,0.0,0.0,,0.0,,,
Otu000899,0.0,141.45922090289815,5.2449300659781715,2.0590607251323076e-05,5.656163673374674,0.2882904627695667,0.019866725986419392
Otu000427,0.0,1911.7849423634593,3.873340967052139,0.0002779731978928877,3.90052516405208,0.4569894508108649,0.00012987191074646142
Otu000049,0.0,28076.06643108977,3.007342985338392,0.004052917860635898,3.018665132789255,0.5252371368373874,7.050991524910127e-06
Otu000430,0.0,0.0,,0.0,,,
Otu000109,0.0,3599.784140324987,2.330578446205234,0.0005593781636609955,2.519226054826166,0.6877935287774901,2.462690235793372e-10
Otu000232,0.0,810.6790441641067,2.7362771091305267,0.00036376739477340155,2.0810956447059032,-0.1516412969411514,0.22788021324019353
Otu001301,0.0,0.0,,0.0,,,
Otu000653,0.0,0.0,,0.0,,,
Otu000974,0.0,0.0,,0.0,,,
Otu000625,0.0,660.7105350057494,4.736179131559646,9.265773263096154e-05,4.253443090099323,0.3145550472170843,0.010712101818463302
Otu000305,0.0,1610.4752920537405,3.179934204728138,0.00024022375126545847,3.3532699925382543,0.48251717145943107,4.6928975293034405e-05
Otu001215,0.0,0.0,,0.0,,,
Otu000061,0.0,4655.322834787822,3.787867107505889,0.0005593781636610015,3.5584507840330835,0.4961425274601712,2.6348222937853337e-05
Otu001180,0.0,781.6490941162342,4.824095016239804,0.00012011187563272769,4.381008992905544,0.36234949548383444,0.0030152096279657645
Otu000309,0.0,1262.6352306903016,3.768642552517326,0.00019217900101236617,3.1977423352624506,0.36877459922458994,0.0025046327313154896
Otu000645,0.0,653.1571263178846,2.1935389887104546,0.0003603356268981799,2.351393903194922,-0.006650855952173521,0.9580657108974844
Otu000325,0.0,2501.357856552102,3.883685975340085,0.0003843580020247323,3.4372807646925936,0.3431792073693971,0.005131651365832194
Otu001062,0.0,0.0,,0.0,,,
Otu000650,0.0,0.0,,0.0,,,
Otu000183,0.0,1389.0107521206608,4.671681963766197,0.00018531546526192002,4.0851136729412865,0.3056154020001407,0.013298047109134395
Otu000268,0.0,418.87131065735514,3.494197777222367,5.14765181283077e-05,3.4059792196145198,0.5010396246455159,2.1282149183426538e-05
